{
    "id": 17,
    "children": [
        {
            "id": 18,
            "name": "should contain an asset count component",
            "type": "test",
            "chrome83osx": false,
            "details": [
                {
                    "browser": "chrome83osx",
                    "expectations": [
                        {
                            "passed": false,
                            "message": "Timeout waiting for target (dashboard) to be available for ST.future.Component",
                            "status": "failed"
                        },
                        {
                            "passed": false,
                            "message": "Timeout waiting for target (assetcount) to be available for ST.future.Component",
                            "status": "failed"
                        }
                    ]
                }
            ]
        },
        {
            "id": 19,
            "name": "should contain an asset value component",
            "type": "test",
            "chrome83osx": false,
            "details": [
                {
                    "browser": "chrome83osx",
                    "expectations": [
                        {
                            "passed": false,
                            "message": "Timeout waiting for target (dashboard) to be available for ST.future.Component",
                            "status": "failed"
                        },
                        {
                            "passed": false,
                            "message": "Timeout waiting for target (assetvalue) to be available for ST.future.Component",
                            "status": "failed"
                        }
                    ]
                }
            ]
        },
        {
            "id": 20,
            "name": "should contain an categories expenditures component",
            "type": "test",
            "chrome83osx": false,
            "details": [
                {
                    "browser": "chrome83osx",
                    "expectations": [
                        {
                            "passed": false,
                            "message": "Timeout waiting for target (dashboard) to be available for ST.future.Component",
                            "status": "failed"
                        },
                        {
                            "passed": false,
                            "message": "Timeout waiting for target (categoryspend) to be available for ST.future.Component",
                            "status": "failed"
                        }
                    ]
                }
            ]
        },
        {
            "id": 21,
            "name": "should contain an monthly expenditures chart component",
            "type": "test",
            "chrome83osx": false,
            "details": [
                {
                    "browser": "chrome83osx",
                    "expectations": [
                        {
                            "passed": false,
                            "message": "Timeout waiting for target (dashboard) to be available for ST.future.Component",
                            "status": "failed"
                        },
                        {
                            "passed": false,
                            "message": "Timeout waiting for target (monthlyspend) to be available for ST.future.Component",
                            "status": "failed"
                        }
                    ]
                }
            ]
        },
        {
            "id": 22,
            "name": "should show the number of assets",
            "type": "test",
            "chrome83osx": false,
            "details": [
                {
                    "browser": "chrome83osx",
                    "expectations": [
                        {
                            "passed": false,
                            "message": "Timeout waiting for target (dashboard) to be available for ST.future.Component",
                            "status": "failed"
                        },
                        {
                            "passed": false,
                            "message": "Timeout waiting for target (assetcount) to be available for ST.future.Component",
                            "status": "failed"
                        }
                    ]
                }
            ]
        },
        {
            "id": 23,
            "name": "should show the total value of assets",
            "type": "test",
            "chrome83osx": false,
            "details": [
                {
                    "browser": "chrome83osx",
                    "expectations": [
                        {
                            "passed": false,
                            "message": "Timeout waiting for target (dashboard) to be available for ST.future.Component",
                            "status": "failed"
                        },
                        {
                            "passed": false,
                            "message": "Timeout waiting for target (assetvalue) to be available for ST.future.Component",
                            "status": "failed"
                        }
                    ]
                }
            ]
        },
        {
            "id": 24,
            "name": "screenshot should match baseline",
            "type": "test",
            "chrome83osx": false,
            "details": [
                {
                    "browser": "chrome83osx",
                    "expectations": [
                        {
                            "passed": false,
                            "message": "Timeout waiting for target (dashboard) to be available for ST.future.Component",
                            "status": "failed"
                        },
                        {
                            "passed": true,
                            "message": "Expected screenshot Dashboard to match baseline.",
                            "screenshot": "User/Dashboard.js/Dashboard/chrome83osx-Dashboard.png",
                            "status": "passed"
                        }
                    ]
                }
            ]
        }
    ],
    "name": "Dashboard",
    "type": "suite",
    "chrome83osx": 7
}